year,count
2018,21.35379061371841
2019,1.2906137184115494
2020,61.94945848375451
2021,16.54332129963899
2022,31.91335740072202